use inscompany;
create table person(driver_id varchar(10) PRIMARY KEY, name varchar(40), address varchar(100));
create table car(regno varchar(10) PRIMARY KEY, model varchar(20),year int);
create table accident(report_number int PRIMARY KEY, acc_date int, location varchar(100));
create table owns(driver_id varchar(10) PRIMARY KEY, regno varchar(10));
create table participated(driver_id varchar(10), regno varchar(10), report_number int PRIMARY KEY, damage_amount int);
alter table person add FOREIGN KEY(driver_id) REFERENCES owns(driver_id);
alter table car add FOREIGN KEY(regno) REFERENCES participated(regno);
alter table participated add UNIQUE KEY(report_number);
show tables;
insert into person values(1, 'Hardeep', 'Rohini');
insert into person values(2,'Shehbaz', 'Ghaziabad');
insert into person values(3,'Satvik', 'Rohini');
insert into person values(4,'Rahul', 'Shahdhra');
insert into person values(5,'Aman', 'Mohan Nagar');
insert into car values(20211,'Wagon-R', 2012);
insert into car values(20212,'Saltos', 2019);
insert into car values(20213,'Santro', 2010);
insert into car values(20214,'i-10', 2016);
insert into car values(20215,'Aura', 2019);
insert into accident values(3, 12416,'Shastri Nagar');
insert into accident values(10, 23915,'Pratap Nagar');
insert into accident values(104, 22612,'Dwarka');
insert into accident values(567, 2918,'Dilshad Garden');
insert into accident values(901, 10521,'Vivek Vihar');
insert into owns values(1,20211);
insert into owns values(2,20212);
insert into owns values(3,20213);
insert into owns values(4,20214);
insert into owns values(5,20215);
insert into participated values(1, 20211, 3, 20000);
insert into participated values(2, 20212, 10, 37590);
insert into participated values(3, 20213, 104, 12625);
insert into participated values(4, 20214, 567, 125420);
insert into participated values(5, 20215, 901, 12525);

