use business;
create table client (client_no int primary key , Name char(20),client_refered_by int);
create table orders(order_no int,client_no int,order_date date , empid int);
create table order_line(order_no int,order_line_number int,item_number int,no_of_item int,item_cost int,shipping_date date);
create table item (item_no int,item_type char(25),cost int);
create table employee(empid int,emp_type char(20),dept_no int,salary int,firstname char(20),lastname char(20));
insert into client values (1, 'John',101);
insert into client values (2, 'Eliza',102);
insert into client values (3, 'Chris',101);
insert into client values (4, 'Alia',103);
insert into client values (5, 'Harry',102);
insert into employee values (1, 'exp',101,30000, 'John', 'Walker');
insert into employee values (2, 'exp',102,30000, 'Eliza', 'Olsen');
insert into employee values (3, 'ship',103,35000, 'Chris', 'Evans');
insert into employee values (4, 'ship',104,35000, 'Alia', 'Bhatt');
insert into employee values (5, 'imp',105, 35000, 'Harry', 'Osborn');
insert into item values (55, 'med', 500);
insert into item values (56, 'agri', 250);
insert into item values (57, 'med',300);
insert into item values (58, 'med', 3000);
insert into item values (59, 'food', 15000);
insert into order_line values (10, 1001, 55, 10, 500, '2022-03-08');
insert into order_line values (11,1002, 56, 10, 250, '2022-03-08');
insert into order_line values (12,1003,57,15,300, '2022-03-28');
insert into order_line values (13,1004, 58, 16, 3000, '2022-03-29');
insert into order_line values (14,1005,59,16,15000, '2022-04-01');
insert into orders values (10,1,'2022-02-01',1);
insert into orders values (11,2,'2022-02-25',2);
insert into orders values (12,3,'2022-03-21',3);
insert into orders values (13,4,'2022-03-28',4);
insert into orders values (14,5,'2022-03-30',5);
select*from client order by name desc;
select distinct(client_no) from orders;
select client_no as 'Client', order_no as 'Ordered' from orders;
select name,order_date from client, orders where client.client_no=orders.client_no;
select upper(name) from client;
select lower(name) from client; 
select substring(name,2,5) from client;
